{
  "closed": false,
  "preset": "anim1",
  "remembered": {
    "anim1": {
      "0": {
        "duration": 2000
      },
      "1": {
        "x": 0.000024114243970235324,
        "y": -0.00009722938474554348,
        "z": 100.17509680677261
      },
      "2": {
        "x": 9.705943284640534e-7,
        "y": 2.4072093651739357e-7,
        "z": 0.24310857261382257
      },
      "3": {
        "opacity": 0
      },
      "4": {
        "opacity": 1
      },
      "5": {
        "opacity": 0
      },
      "6": {
        "z": 0.1
      },
      "7": {
        "opacity": 0
      }
    },
    "anim2": {
      "0": {
        "duration": 1000
      },
      "1": {
        "x": 66.34282227058765,
        "y": -62.85701691230782,
        "z": 32.84021851396693
      },
      "2": {
        "x": 1.0805304376506792,
        "y": 0.6928923316540022,
        "z": 0.3285700636377091
      },
      "3": {
        "opacity": 0
      },
      "4": {
        "opacity": 1
      },
      "5": {
        "opacity": 1
      },
      "6": {
        "z": 0.1
      },
      "7": {
        "opacity": 0
      }
    },
    "anim3": {
      "0": {
        "duration": 900
      },
      "1": {
        "x": 64.7145009364564,
        "y": -54.29762840169044,
        "z": 100
      },
      "2": {
        "x": 0.4883989669315931,
        "y": 0.5649219633202782,
        "z": 0.7891635578114168
      },
      "3": {
        "opacity": 0
      },
      "4": {
        "opacity": 1
      },
      "5": {
        "opacity": 1
      },
      "6": {
        "z": 1
      },
      "7": {
        "opacity": 0
      }
    },
    "anim4": {
      "0": {
        "duration": 1000
      },
      "1": {
        "x": 64.7145009364564,
        "y": -54.29762840169044,
        "z": 100
      },
      "2": {
        "x": 0.4883989669315931,
        "y": 0.5649219633202782,
        "z": 0.7891635578114168
      },
      "3": {
        "opacity": 0
      },
      "4": {
        "opacity": 1
      },
      "5": {
        "opacity": 1
      },
      "6": {
        "z": 1
      },
      "7": {
        "opacity": 1
      }
    },
    "anim5": {
      "0": {
        "duration": 2000
      },
      "1": {
        "x": 64.7145009364564,
        "y": -54.29762840169044,
        "z": 100
      },
      "2": {
        "x": 0.4883989669315931,
        "y": 0.5649219633202782,
        "z": 0.7891635578114168
      },
      "3": {
        "opacity": 1
      },
      "4": {
        "opacity": 0
      },
      "5": {
        "opacity": 1
      },
      "6": {
        "z": 1
      },
      "7": {
        "opacity": 1
      }
    },
    "anim6": {
      "0": {
        "duration": 2000
      },
      "1": {
        "x": 29.561386217854725,
        "y": -3.9321656431226186,
        "z": 20.88539395490752
      },
      "2": {
        "x": 0.6448133874077278,
        "y": 1.414310816092056,
        "z": 0.9200671836071908
      },
      "3": {
        "opacity": 1
      },
      "4": {
        "opacity": 0
      },
      "5": {
        "opacity": 1
      },
      "6": {
        "z": 1
      },
      "7": {
        "opacity": 1
      }
    }
  },
  "folders": {
    "Camera": {
      "preset": "Default",
      "closed": true,
      "folders": {
        "position": {
          "preset": "Default",
          "closed": true,
          "folders": {}
        },
        "rotation": {
          "preset": "Default",
          "closed": true,
          "folders": {}
        }
      }
    },
    "Mesh": {
      "preset": "Default",
      "closed": false,
      "folders": {}
    },
    "Contours": {
      "preset": "Default",
      "closed": false,
      "folders": {}
    },
    "Route": {
      "preset": "Default",
      "closed": true,
      "folders": {}
    },
    "Scene": {
      "preset": "Default",
      "closed": true,
      "folders": {}
    },
    "Bends": {
      "preset": "Default",
      "closed": true,
      "folders": {}
    }
  }
}