{
  "closed": false,
  "preset": "anim3",
  "remembered": {
    "anim0": {
      "0": {
        "duration": 4000
      },
      "1": {
        "x": 19.072054692272136,
        "y": -11.454001132224292,
        "z": 33.59824410696797
      },
      "2": {
        "x": 9.186169336314524e-7,
        "y": -3.9514932836938105e-7,
        "z": -0.4062303992982276
      },
      "3": {
        "opacity": 0
      },
      "4": {
        "opacity": 0.4190935722901947
      },
      "5": {
        "opacity": 1
      },
      "6": {
        "z": 0.011028778218163018
      },
      "7": {
        "opacity": 0
      },
      "8": {
        "opacity": 0
      },
      "9": {
        "z": 4
      },
      "10": {
        "x": -14,
        "y": -27,
        "z": 1
      },
      "11": {
        "opacity": 0
      }
    },
    "anim1": {
      "0": {
        "duration": 2000
      },
      "1": {
        "x": 0.9320451366893918,
        "y": 3.6431623971513383,
        "z": 55.05698248015931
      },
      "2": {
        "x": 9.841438668442158e-7,
        "y": -1.77372271537025e-7,
        "z": -0.17831574080700635
      },
      "3": {
        "opacity": 1
      },
      "4": {
        "opacity": 0
      },
      "5": {
        "opacity": 1
      },
      "6": {
        "z": 0.011028778218163018
      },
      "7": {
        "opacity": 0
      },
      "8": {
        "opacity": 0
      },
      "9": {
        "z": 4
      },
      "10": {
        "x": -12,
        "y": -24,
        "z": 1.1
      },
      "11": {
        "opacity": 0
      }
    },
    "anim2": {
      "0": {
        "duration": 2000
      },
      "1": {
        "x": 125.23809522580714,
        "y": -43.86961465203653,
        "z": 60.077884849033985
      },
      "2": {
        "x": 0.691500175752327,
        "y": 1.049743366469881,
        "z": 0.8086568038211164
      },
      "3": {
        "opacity": 0
      },
      "4": {
        "opacity": 1
      },
      "5": {
        "opacity": 1
      },
      "6": {
        "z": 1
      },
      "7": {
        "opacity": 0
      },
      "8": {
        "opacity": 0
      },
      "9": {
        "z": 11
      },
      "10": {
        "x": -14,
        "y": -27,
        "z": 1
      },
      "11": {
        "opacity": 0
      }
    },
    "anim3": {
      "0": {
        "duration": 2000
      },
      "1": {
        "x": 24.820816116865775,
        "y": -20.047715573125476,
        "z": 31.638612202686804
      },
      "2": {
        "x": 0.21777036772365085,
        "y": 0.16833054092395072,
        "z": 0.6480469901453482
      },
      "3": {
        "opacity": 1
      },
      "4": {
        "opacity": 0.44115112872652085
      },
      "5": {
        "opacity": 0.8933310356712045
      },
      "6": {
        "z": 1
      },
      "7": {
        "opacity": 0
      },
      "8": {
        "opacity": 0
      },
      "9": {
        "z": 13
      },
      "10": {
        "x": -14,
        "y": -27,
        "z": 1
      },
      "11": {
        "opacity": 0.4
      }
    },
    "anim4": {
      "0": {
        "duration": 2000
      },
      "1": {
        "x": 24.599766790185114,
        "y": -30.516217178189155,
        "z": 1.6366914071349132
      },
      "2": {
        "x": 1.5751458337937922,
        "y": 0.5975856458047407,
        "z": -0.002447258821549966
      },
      "3": {
        "opacity": 1
      },
      "4": {
        "opacity": 0
      },
      "5": {
        "opacity": 1
      },
      "6": {
        "z": 1
      },
      "7": {
        "opacity": 1
      },
      "8": {
        "opacity": 1
      },
      "9": {
        "z": 13
      },
      "10": {
        "x": -14,
        "y": -27,
        "z": 1
      },
      "11": {
        "opacity": 0
      }
    },
    "anim5": {
      "0": {
        "duration": 2000
      },
      "1": {
        "x": 22.3037136941946,
        "y": -4.9538337083783155,
        "z": 10.098106529270446
      },
      "2": {
        "x": 1.3452138943593461,
        "y": 0.9992983830102501,
        "z": 0.19067585683810306
      },
      "3": {
        "opacity": 1
      },
      "4": {
        "opacity": 0
      },
      "5": {
        "opacity": 1
      },
      "6": {
        "z": 1
      },
      "7": {
        "opacity": 1
      },
      "8": {
        "opacity": 1
      },
      "9": {
        "z": 13
      },
      "10": {
        "x": -14,
        "y": -27,
        "z": 1
      },
      "11": {
        "opacity": 0
      }
    },
    "anim6": {
      "0": {
        "duration": 2000
      },
      "1": {
        "x": -22.72041331869007,
        "y": 9.187806876575857,
        "z": 56.0475770819001
      },
      "2": {
        "x": 2.1072087008633077e-7,
        "y": 9.775462785911906e-7,
        "z": 1.3584840010247379
      },
      "3": {
        "opacity": 1
      },
      "4": {
        "opacity": 0
      },
      "5": {
        "opacity": 1
      },
      "6": {
        "z": 1
      },
      "7": {
        "opacity": 1
      },
      "8": {
        "opacity": 1
      },
      "9": {
        "z": 13
      },
      "10": {
        "x": -14,
        "y": -27,
        "z": 1
      },
      "11": {
        "opacity": 0
      }
    },
    "anim7": {
      "0": {
        "duration": 2000
      },
      "1": {
        "x": -27.125316785612792,
        "y": 18.814760176704414,
        "z": 88.86375697101447
      },
      "2": {
        "x": 4.1794859839680905e-7,
        "y": 9.084706675822757e-7,
        "z": 1.1396102934132613
      },
      "3": {
        "opacity": 1
      },
      "4": {
        "opacity": 0
      },
      "5": {
        "opacity": 0.36394968119937965
      },
      "6": {
        "z": 1
      },
      "7": {
        "opacity": 0.18748922970877133
      },
      "8": {
        "opacity": 0
      },
      "9": {
        "z": 13
      },
      "10": {
        "x": -14,
        "y": -27,
        "z": 1
      },
      "11": {
        "opacity": 0
      }
    }
  },
  "folders": {
    "Camera": {
      "preset": "Default",
      "closed": true,
      "folders": {
        "position": {
          "preset": "Default",
          "closed": true,
          "folders": {}
        },
        "rotation": {
          "preset": "Default",
          "closed": false,
          "folders": {}
        }
      }
    },
    "Mesh": {
      "preset": "Default",
      "closed": false,
      "folders": {}
    },
    "Contours": {
      "preset": "Default",
      "closed": false,
      "folders": {}
    },
    "Route": {
      "preset": "Default",
      "closed": false,
      "folders": {}
    },
    "Scene": {
      "preset": "Default",
      "closed": false,
      "folders": {}
    },
    "Bends": {
      "preset": "Default",
      "closed": false,
      "folders": {}
    },
    "Labels": {
      "preset": "Default",
      "closed": false,
      "folders": {}
    },
    "Mesh position": {
      "preset": "Default",
      "closed": true,
      "folders": {}
    },
    "POI 1": {
      "preset": "Default",
      "closed": true,
      "folders": {}
    }
  }
}