{
  "closed": false,
  "preset": "ch6",
  "remembered": {
    "intro": {
      "0": {
        "duration": 3000
      },
      "1": {
        "x": -1.0117610865914315,
        "y": 1.5222356411072424,
        "z": 56.02665269521622
      },
      "2": {
        "x": 9.425172038388092e-7,
        "y": -3.3415761890865434e-7,
        "z": -0.34071132414775734
      },
      "3": {
        "opacity": 1
      },
      "4": {
        "opacity": 0
      },
      "5": {
        "opacity": 0
      },
      "6": {
        "z": 0.011028778218163018
      },
      "7": {
        "opacity": 0
      },
      "8": {
        "opacity": 0
      },
      "9": {
        "z": 4
      },
      "10": {
        "opacity": 0
      }
    },
    "ch0": {
      "0": {
        "duration": 3000
      },
      "1": {
        "x": 42.856608966729816,
        "y": -101.70085627243138,
        "z": 171.8491882205799
      },
      "2": {
        "x": 0.4565048909045181,
        "y": 0.16791603222558804,
        "z": 0.32801765545662626
      },
      "3": {
        "opacity": 1
      },
      "4": {
        "opacity": 0
      },
      "5": {
        "opacity": 1
      },
      "6": {
        "z": 0.011028778218163018
      },
      "7": {
        "opacity": 0
      },
      "8": {
        "opacity": 0
      },
      "9": {
        "z": 4
      },
      "10": {
        "opacity": 0
      }
    },
    "ch1a": {
      "0": {
        "duration": 2000
      },
      "1": {
        "x": 74.7654498239254,
        "y": -99.12952249515838,
        "z": 64.62424086757841
      },
      "2": {
        "x": 0.8860715575663598,
        "y": 0.5226050823865525,
        "z": 0.3869980850733587
      },
      "3": {
        "opacity": 0
      },
      "4": {
        "opacity": 1
      },
      "5": {
        "opacity": 1
      },
      "6": {
        "z": 1
      },
      "7": {
        "opacity": 0
      },
      "8": {
        "opacity": 0
      },
      "9": {
        "z": 11
      },
      "10": {
        "opacity": 0
      }
    },
    "ch1b": {
      "0": {
        "duration": 2000
      },
      "1": {
        "x": 74.7654498239254,
        "y": -99.12952249515838,
        "z": 64.62424086757841
      },
      "2": {
        "x": 0.8860715575663598,
        "y": 0.5226050823865525,
        "z": 0.3869980850733587
      },
      "3": {
        "opacity": 1
      },
      "4": {
        "opacity": 0.3
      },
      "5": {
        "opacity": 1
      },
      "6": {
        "z": 1
      },
      "7": {
        "opacity": 0
      },
      "8": {
        "opacity": 0
      },
      "9": {
        "z": 13
      },
      "10": {
        "opacity": 0.6
      }
    },
    "ch2": {
      "0": {
        "duration": 2000
      },
      "1": {
        "x": 56.15368563739368,
        "y": -14.131238978244562,
        "z": 9.431662125370051
      },
      "2": {
        "x": -0.13134649660988962,
        "y": 1.168930615119899,
        "z": 1.7133651688976068
      },
      "3": {
        "opacity": 1
      },
      "4": {
        "opacity": 0.44115112872652085
      },
      "5": {
        "opacity": 0.8933310356712045
      },
      "6": {
        "z": 1
      },
      "7": {
        "opacity": 0.9
      },
      "8": {
        "opacity": 1
      },
      "9": {
        "z": 13
      },
      "10": {
        "opacity": 0.25366189901774944
      }
    },
    "ch3": {
      "0": {
        "duration": 2000
      },
      "1": {
        "x": 25.202539814658564,
        "y": -11.769045771239556,
        "z": 34.01231931012074
      },
      "2": {
        "x": 0.28677906997831315,
        "y": 0.47796046924233654,
        "z": 1.0006690510830747
      },
      "3": {
        "opacity": 1
      },
      "4": {
        "opacity": 0
      },
      "5": {
        "opacity": 1
      },
      "6": {
        "z": 1
      },
      "7": {
        "opacity": 1
      },
      "8": {
        "opacity": 1
      },
      "9": {
        "z": 13
      },
      "10": {
        "opacity": 0.18748922970877133
      }
    },
    "ch4": {
      "0": {
        "duration": 2000
      },
      "1": {
        "x": 4.432293610367246,
        "y": 8.544302630263063,
        "z": 23.8383659216968
      },
      "2": {
        "x": -0.026361637684264274,
        "y": 0.7860580465268246,
        "z": 1.6080440765796165
      },
      "3": {
        "opacity": 1
      },
      "4": {
        "opacity": 0
      },
      "5": {
        "opacity": 1
      },
      "6": {
        "z": 1
      },
      "7": {
        "opacity": 1
      },
      "8": {
        "opacity": 1
      },
      "9": {
        "z": 13
      },
      "10": {
        "opacity": 0.4190935722901947
      }
    },
    "ch5a": {
      "0": {
        "duration": 2000
      },
      "1": {
        "x": 0.0827354155699925,
        "y": 9.876767072364162,
        "z": 28.65366791691173
      },
      "2": {
        "x": 0.058650809467584594,
        "y": 1.0686786721341026,
        "z": 1.503909636520975
      },
      "3": {
        "opacity": 1
      },
      "4": {
        "opacity": 0
      },
      "5": {
        "opacity": 1
      },
      "6": {
        "z": 1
      },
      "7": {
        "opacity": 1
      },
      "8": {
        "opacity": 1
      },
      "9": {
        "z": 13
      },
      "10": {
        "opacity": 0.5073237980354989
      }
    },
    "ch5b": {
      "0": {
        "duration": 2000
      },
      "1": {
        "x": -20.592657506908452,
        "y": 27.508386769442666,
        "z": 37.00377841997905
      },
      "2": {
        "x": 0.03380587466055611,
        "y": 0.4360430349217587,
        "z": 1.4908951357851106
      },
      "3": {
        "opacity": 1
      },
      "4": {
        "opacity": 0
      },
      "5": {
        "opacity": 1
      },
      "6": {
        "z": 1
      },
      "7": {
        "opacity": 0.48526624159917287
      },
      "8": {
        "opacity": 0
      },
      "9": {
        "z": 13
      },
      "10": {
        "opacity": 0.5183525762536619
      }
    },
    "ch6": {
      "0": {
        "duration": 2000
      },
       "1": {
        "x": -25.400608452349807,
        "y": 22.644589407042822,
        "z": 58.87337408387133
      },
      "2": {
        "x": 1.324013254588855e-7,
        "y": 9.911962024490807e-7,
        "z": 1.4380051085537076
      },
      "3": {
        "opacity": 1
      },
      "4": {
        "opacity": 0
      },
      "5": {
        "opacity": 0
      },
      "6": {
        "z": 1
      },
      "7": {
        "opacity": 0
      },
      "8": {
        "opacity": 0
      },
      "9": {
        "z": 13
      },
      "10": {
        "opacity": 0
      }
    }
  },
  "folders": {
    "Camera": {
      "preset": "Default",
      "closed": true,
      "folders": {
        "position": {
          "preset": "Default",
          "closed": true,
          "folders": {}
        },
        "rotation": {
          "preset": "Default",
          "closed": false,
          "folders": {}
        }
      }
    },
    "Mesh": {
      "preset": "Default",
      "closed": false,
      "folders": {}
    },
    "Contours": {
      "preset": "Default",
      "closed": false,
      "folders": {}
    },
    "Route": {
      "preset": "Default",
      "closed": false,
      "folders": {}
    },
    "Scene": {
      "preset": "Default",
      "closed": false,
      "folders": {}
    },
    "Bends": {
      "preset": "Default",
      "closed": false,
      "folders": {}
    },
    "Labels": {
      "preset": "Default",
      "closed": false,
      "folders": {}
    },
    "Mesh position": {
      "preset": "Default",
      "closed": true,
      "folders": {}
    },
    "POI 1": {
      "preset": "Default",
      "closed": false,
      "folders": {}
    }
  }
}